node_id,x,y
N0,-13733265.355818,6177720.873239
N1,-13733247.043761,6177832.107877
N2,-13733457.548918,6177865.154792
N3,-13733020.241431,6178382.397636
N4,-13733065.192241,6178094.708571
N5,-13733143.60569,6180091.050324
N6,-13733167.483721,6180153.805872
N7,-13732858.583266,6177021.475297
N8,-13732803.446722,6177102.642438
N9,-13728303.066876,6178095.329267
N10,-13728293.727171,6177803.976163
N11,-13728425.707559,6177717.702797
N12,-13728437.084411,6178095.748656
N13,-13728566.994257,6178095.949963
N14,-13728558.033038,6177717.971194
N15,-13728697.983902,6178096.285474
N16,-13728687.230439,6177718.222816
N17,-13732243.587607,6178525.851563
N18,-13732583.345825,6178584.451786
N19,-13733172.660078,6179011.978856
N20,-13732879.633782,6179016.995292
N21,-13732885.121833,6179156.919812
N22,-13733174.151759,6179150.342972
N23,-13733178.359635,6179289.766343
N24,-13732971.962168,6179276.696354
N25,-13733182.756755,6179410.400437
N26,-13732891.489308,6179391.575366
N27,-13732937.464257,6179525.985944
N28,-13732797.357546,6179511.640437
N29,-13734279.409587,6179464.594057
N30,-13734199.660304,6179486.77495
N31,-13733024.616287,6179761.993966
N32,-13732816.671478,6179834.193659
N33,-13733191.161377,6180216.07527
N34,-13732916.40261,6180306.417884
N35,-13733311.275107,6180546.96144
N36,-13733732.842019,6180464.721125
N37,-13733412.776219,6180824.91642
N38,-13733225.681551,6180863.646921
N39,-13733458.628717,6180940.9742
N40,-13733253.066146,6181022.732452
N41,-13733526.277572,6181104.155858
N42,-13733364.352241,6181133.724897
N43,-13733914.827123,6181071.314543
N44,-13733689.638925,6181166.465762
N45,-13734053.475548,6181173.799331
N46,-13733619.084631,6181349.25306
N47,-13733721.198,6181600.331866
N48,-13734332.175026,6181373.402354
N49,-13731551.369618,6182044.139007
N50,-13732109.536677,6181951.965391
N51,-13732090.100293,6181087.710012
N52,-13732246.448518,6181930.73472
N53,-13732276.471385,6181053.794752
N54,-13732179.000039,6180559.613866
N55,-13732075.005371,6181957.671668
N56,-13731996.714373,6181518.24921
N57,-13731980.450595,6181839.737136
N58,-13731925.046884,6181532.329577
N59,-13731799.422839,6181556.059831
N60,-13731744.48667,6181952.133223
N61,-13731673.598419,6181580.209711
N62,-13730915.022881,6181697.68752
N63,-13730618.067007,6181685.100534
N64,-13731187.91148,6181673.184872
N65,-13730587.042265,6181770.491009
N66,-13729358.587156,6181344.084213
N67,-13729349.492354,6181349.655827
N68,-13729327.362039,6179856.123828
N69,-13728865.007666,6179843.489225
N70,-13729353.577779,6178983.373483
N71,-13728989.396065,6178956.244606
N72,-13729187.600418,6178844.810753
N73,-13729036.061196,6178667.345031
N74,-13729343.681476,6178434.303152
N75,-13729281.197846,6178423.59992
N76,-13728908.77849,6178097.107477
N77,-13728908.077177,6178422.00618
N78,-13728815.860111,6177718.843485
N79,-13728826.313011,6178026.650364
N80,-13728757.005496,6178421.284803
N81,-13728757.985108,6178096.168045
N82,-13728332.299375,6178721.19839
N83,-13728461.51904,6178721.819132
N84,-13730619.781327,6177736.1719
N85,-13730757.361086,6177771.885657
N86,-13731684.786027,6177720.588067
N87,-13732179.300601,6177799.39659
N88,-13728652.365175,6177718.155717
N89,-13728292.814351,6177706.329472
N90,-13728251.069542,6177718.776386
N91,-13728385.89971,6177530.447471
N92,-13728377.383768,6177149.038386
N93,-13728471.548926,6177149.189349
N94,-13728478.985068,6177717.803446
N95,-13729557.492822,6181226.896568
N96,-13729562.524463,6181003.551412
N97,-13729679.832943,6181152.637724
N98,-13729669.9923,6181004.94426
N99,-13730034.15175,6180380.770036
N100,-13730128.628602,6180881.619409
N101,-13730368.121354,6180544.477942
N102,-13730031.301971,6180535.517218
N103,-13731550.679437,6179787.632086
N104,-13731610.669511,6180061.048636
N105,-13732439.821606,6180242.503406
N106,-13732467.26186,6180384.545552
N107,-13733390.857411,6181253.965546
N108,-13733049.507325,6180895.111387
N109,-13732873.077064,6179983.561546
N110,-13732907.574974,6180074.623212
N111,-13733194.667941,6179994.501647
N112,-13733194.200399,6179961.865958
N113,-13733925.936808,6175382.228807
N114,-13733518.629923,6175946.481932
N115,-13729797.308401,6178110.964111
N116,-13729940.454135,6178111.786116
N117,-13732304.546161,6175808.740014
N118,-13732295.584942,6176307.459161
N119,-13730041.376385,6178896.517758
N120,-13730287.359064,6178269.377571
N121,-13730286.746807,6177858.176346
N122,-13729178.060338,6178097.107477
N123,-13729174.030572,6177911.756192
N124,-13731426.524809,6177452.09434
N125,-13732041.609523,6177553.21044
N126,-13730555.015647,6177728.220619
N127,-13730136.521154,6177919.254713
N128,-13729654.730398,6179368.70682
N129,-13729663.903124,6179136.534981
N130,-13730766.044006,6177617.306054
N131,-13728791.648122,6178810.568875
N132,-13728783.031993,6178420.747964
N133,-13730557.954482,6178154.39625
N134,-13730558.28844,6178124.73689
N135,-13730967.766055,6177934.973111
N136,-13730978.519518,6177783.426818
N137,-13728342.529636,6178095.463471
N138,-13728340.83758,6178420.999607
N139,-13728606.223246,6178421.200921
N140,-13728606.479281,6178096.067392
N141,-13728941.740191,6178096.587434
N142,-13728928.749206,6177717.451174
N143,-13732433.309416,6181901.028651
N144,-13732346.970018,6181452.194308
N145,-13731991.070474,6174976.700697
N146,-13731955.626349,6175209.782254
N147,-13731806.914641,6175344.294626
N148,-13731871.79164,6174939.321709
N149,-13731328.00706,6177523.049938
N150,-13731633.05586,6175636.955666
N151,-13731626.643857,6174825.123124
N152,-13731548.041165,6175301.581142
N153,-13731308.403697,6175906.398519
N154,-13731501.598673,6174747.381761
N155,-13731321.27223,6175027.948243
N156,-13731098.889284,6174990.451644
N157,-13731168.230194,6175960.184129
N158,-13731009.65558,6175931.840563
N159,-13732007.367648,6176020.678671
N160,-13731181.043068,6175886.809707
N161,-13731190.950502,6175825.091824
N162,-13731038.49846,6175797.184754
N163,-13731210.910087,6175700.231876
N164,-13731027.088212,6175668.132516
N165,-13732079.547206,6175709.824812
N166,-13735080.420115,6177339.958859
N167,-13735139.285862,6177279.035608
N168,-13732104.605223,6175392.492195
N169,-13731283.546055,6175258.800792
N170,-13731918.022625,6176329.329944
N171,-13731155.038835,6176204.261351
N172,-13732103.380709,6177146.371367
N173,-13731409.581982,6177029.157544
N174,-13729990.603565,6177002.085204
N175,-13729291.261128,6178099.036668
N176,-13732526.461565,6179886.510713
N177,-13732219.509202,6179948.358678
N178,-13731480.15854,6180093.013525
N179,-13731206.991641,6179745.416479
N180,-13731046.569123,6179741.574131
N181,-13730848.921367,6179460.869283
N182,-13730843.422184,6179738.604283
N183,-13730555.227154,6179438.537453
N184,-13730533.976264,6180387.247144
N185,-13730386.299827,6180386.424921
N186,-13730398.155353,6179737.496882
N187,-13731025.908225,6179333.540047
N188,-13730995.696116,6179473.88922
N189,-13729857.921864,6179384.109106
N190,-13729844.463338,6180047.071376
N191,-13729973.115273,6178895.477575
N192,-13729956.740176,6179389.696217
N193,-13730106.720926,6180381.105637
N194,-13730115.292527,6180062.927934
N195,-13730255.454898,6179413.034609
N196,-13730238.178113,6180383.186366
N197,-13731368.61641,6179516.455827
N198,-13731322.875231,6180117.075363
N199,-13731636.439973,6179539.207321
N200,-13731731.80738,6180043.27923
N201,-13731858.477829,6180020.710964
N202,-13731768.231118,6179547.428746
N203,-13731180.709109,6180149.996899
N204,-13731003.711119,6180408.339731
N205,-13730751.583604,6180201.443347
N206,-13731010.991414,6180275.475766
N207,-13731303.44998,6178194.372801
N208,-13731253.768091,6178739.099255
N209,-13731616.925666,6178313.666092
N210,-13731293.308774,6178283.720987
N211,-13731605.559946,6178439.839311
N212,-13731282.744555,6178411.05132
N213,-13731276.566323,6178470.154043
N214,-13731145.58781,6178458.528071
N215,-13731597.377963,6178536.655582
N216,-13731272.447502,6178505.652782
N217,-13731912.334199,6178645.283706
N218,-13731590.409363,6178616.327255
N219,-13731245.975727,6178813.957825
N220,-13730813.621956,6178778.625572
N221,-13729358.364517,6178872.727799
N222,-13730382.425909,6178910.342138
N223,-13731193.844809,6179349.02616
N224,-13731182.612673,6179496.976167
N225,-13732158.005183,6179493.821842
N226,-13731188.623925,6179408.689066
N227,-13731339.71787,6179275.538679
N228,-13732171.196543,6179348.673822
N229,-13730967.053611,6179238.811954
N230,-13731196.405157,6179259.197028
N231,-13731214.049297,6179132.139247
N232,-13730975.4471,6179110.613601
N233,-13730489.548655,6179289.430784
N234,-13730969.324528,6179174.486038
N235,-13730988.861099,6178953.660908
N236,-13730493.032955,6179155.728598
N237,-13730864.383644,6178940.004231
N238,-13730845.403671,6179167.825296
N239,-13730854.453946,6179051.942652
N240,-13730712.054053,6179038.520701
N241,-13730904.16923,6178478.40799
N242,-13730919.208493,6178328.747728
N243,-13730025.613545,6178461.832999
N244,-13730732.058166,6178465.423126
N245,-13731459.252739,6178202.945221
N246,-13731442.265385,6178366.695189
N247,-13731197.150998,6178659.594201
N248,-13731259.712552,6178665.986118
N249,-13730403.832647,6178301.570606
N250,-13731116.900777,6178882.794064
N251,-13731239.374481,6178891.132296
N252,-13731987.986925,6179996.515164
N253,-13731908.538204,6179559.039425
N254,-13731733.165478,6180643.063298
N255,-13731781.467005,6180901.823821
N256,-13728471.259495,6178423.381829
N257,-13728469.868001,6178095.899636
N258,-13734595.056003,6179360.11645
N259,-13734625.234717,6179349.646948
N260,-13735830.346129,6180926.273908
N261,-13735771.402458,6181026.843879
N262,-13734868.055922,6181769.886828
N263,-13734566.101804,6181543.456272
N264,-13734249.831998,6181478.676624
N265,-13734074.982474,6181352.978659
N266,-13734153.095361,6181245.356494
N267,-13734020.24668,6181448.418319
N268,-13734057.961724,6181543.103842
N269,-13733940.79796,6181221.559978
N270,-13734039.516084,6181400.538926
N271,-13734269.14593,6180620.292077
N272,-13734234.046894,6180676.456725
N273,-13734309.833204,6180590.708039
N274,-13734441.891516,6180399.949674
N275,-13734228.93733,6180284.956392
N276,-13734469.654597,6180344.290249
N277,-13734441.568689,6180362.077062
N278,-13734270.192333,6180600.99448
N279,-13734233.067283,6180527.429083
N280,-13734028.039045,6180577.568933
N281,-13733205.510459,6180258.142189
N282,-13733207.380627,6180167.313477
N283,-13733172.15914,6180063.448096
N284,-13735723.045271,6181017.815523
N285,-13735605.992827,6180998.500245
N286,-13733463.882997,6179980.339924
N287,-13734065.954463,6179808.337273
N288,-13733817.48936,6179735.634435
N289,-13733425.678148,6179848.757835
N290,-13733891.483425,6179997.57226
N291,-13733502.800291,6180111.873704
N292,-13734027.771878,6179674.492718
N293,-13733560.096433,6179809.629251
N294,-13733530.429789,6179696.019787
N295,-13733377.933219,6179684.190799
N296,-13733540.648918,6180245.523769
N297,-13733837.181778,6180178.320932
N298,-13733857.720224,6180479.454181
N299,-13733859.423412,6180382.985005
N300,-13734312.471476,6180627.843323
N301,-13734486.029694,6180387.280705
N302,-13734536.112333,6180414.581938
N303,-13734355.27382,6180652.645017
N304,-13734073.824751,6180892.241822
N305,-13734382.435776,6181115.68475
N306,-13734836.496847,6181745.652496
N307,-13734673.825675,6181972.64227
N308,-13731177.358393,6180507.544385
N309,-13731231.7157,6180725.473142
N310,-13731117.279263,6180925.535538
N311,-13731054.840161,6180948.609636
N312,-13730384.630035,6180572.60192
N313,-13729888.634912,6180869.855899
N314,-13729854.137001,6180378.303367
N315,-13729682.749513,6180455.676584
N316,-13730027.650692,6180709.716036
N317,-13729789.226606,6180706.880096
N318,-13730176.874469,6180537.782569
N319,-13730029.788026,6180626.114926
N320,-13730331.719881,6178246.61269
N321,-13729608.666392,6178637.918759
N322,-13731603.489403,6178464.265562
N323,-13731926.583093,6178495.50308
N324,-13732515.296221,6179239.768289
N325,-13732183.553006,6179209.148821
N326,-13731885.717708,6178922.203607
N327,-13732206.640668,6178948.594177
N328,-13732333.667339,6180414.112094
N329,-13732577.60174,6180371.188623
N330,-13732557.84253,6181094.858917
N331,-13732440.790085,6181117.547498
N332,-13728357.468712,6179003.74117
N333,-13728349.06409,6179256.999129
N334,-13731212.234789,6174623.510178
N335,-13731210.631788,6174422.153523
N336,-13730435.625494,6178150.135227
N337,-13730454.438487,6178184.357676
N338,-13730521.096599,6178160.485825
N339,-13734561.559968,6180856.565334
N340,-13734519.403277,6180848.141274
N341,-13730485.107007,6178149.514527
N342,-13730523.656947,6178149.078359
N343,-13731692.133114,6178167.783257
N344,-13731626.521406,6178138.341934
N345,-13732256.11105,6178237.989899
N346,-13732150.813944,6178241.076656
N347,-13732362.788518,6177549.821991
N348,-13732672.857828,6177601.823086
N349,-13730948.518915,6178179.593366
N350,-13730965.784568,6177966.46032
N351,-13733423.496286,6177624.217204
N352,-13733284.369187,6177606.956115
N353,-13734191.567377,6177315.183575
N354,-13734068.915562,6177372.73548
N355,-13733014.786776,6177516.44081
N356,-13732696.234921,6177462.343445
N357,-13728757.361718,6176256.925119
N358,-13728273.04401,6176269.889848
N359,-13728855.389662,6175709.086894
N360,-13728660.691873,6175667.713246
N361,-13733297.63847,6177506.443256
N362,-13733361.268691,6177537.35855
N363,-13734309.666225,6178434.420585
N364,-13734288.971931,6178478.055687
N365,-13735095.993712,6178884.438222
N366,-13735121.997945,6178815.333538
N367,-13735254.980208,6181057.839068
N368,-13735328.785031,6181107.814224
N369,-13735355.078695,6181611.811082
N370,-13735071.269653,6181400.505361
N371,-13735026.296578,6180911.489736
N372,-13734834.704603,6181386.945456
N373,-13734911.84901,6181428.665729
N374,-13735167.60554,6180933.942893
N375,-13734860.408273,6181400.790657
N376,-13732679.180775,6181661.940529
N377,-13733046.924713,6181454.44312
N378,-13732921.846133,6181492.219893
N379,-13732892.769482,6181345.175041
N380,-13732941.939301,6181664.256527
N381,-13732975.702502,6181803.972767
N382,-13732808.734398,6181604.258965
N383,-13732763.460761,6181374.123981
N384,-13732723.096314,6181778.194319
N385,-13731134.411333,6182112.413916
N386,-13731105.37921,6182083.428901
N387,-13731293.086135,6181943.103887
N388,-13731314.181179,6182082.136578
N389,-13732485.740896,6179613.737346
N390,-13732486.10825,6179603.485654
N391,-13732528.376261,6179102.392597
N392,-13732320.07523,6179597.042698
N393,-13732375.089322,6179921.461638
N394,-13732634.463735,6181414.870829
N395,-13733070.836139,6180509.188856
N396,-13733097.808852,6180651.352911
N397,-13732897.033018,6179805.400959
N398,-13732830.67547,6179637.579709
N399,-13734808.655842,6180890.077064
N400,-13734646.986546,6181307.147192
N401,-13734330.338254,6181222.768262
N402,-13729124.549059,6175559.642937
N403,-13729131.584451,6175592.01022
N404,-13729086.700432,6176256.136837
N405,-13729075.857913,6175872.973458
N406,-13730123.196211,6177005.641169
N407,-13730205.528106,6177283.128456
N408,-13731128.600456,6177394.877383
N409,-13730383.260805,6178758.577184
N410,-13729678.608428,6178732.807944
N411,-13730726.670302,6178617.669383
N412,-13729754.895675,6178561.249874
N413,-13730400.493062,6178216.634269
N414,-13730387.379626,6178753.946768
N415,-13730603.283779,6178917.338221
N416,-13730596.092539,6179158.513689
N417,-13730479.051227,6179299.312984
N418,-13730473.808079,6179428.906765
N419,-13730486.197938,6179031.239302
N420,-13730228.381997,6179024.310234
N421,-13730103.670772,6179401.893916
N422,-13730115.915916,6179153.547503
N423,-13729988.265856,6179391.54181
N424,-13729970.076251,6180380.434435
N425,-13729823.513009,6178891.249736
N426,-13729805.145294,6179380.065584
N427,-13729720.130598,6179708.889075
N428,-13729726.353358,6179374.193252
N429,-13729527.403164,6179121.586137
N430,-13729516.148763,6179359.462105
N431,-13729517.284222,6178878.583009
N432,-13729513.221061,6179120.847923
N433,-13731164.912874,6177348.077519
N434,-13731214.995512,6177191.006305
N435,-13731082.825881,6177531.034577
N436,-13731100.369833,6177404.992226
N437,-13730651.49625,6177145.683645
N438,-13730677.444823,6176969.947395
N439,-13730413.795741,6177242.636186
N440,-13730663.26272,6177613.716285
N441,-13730692.183524,6177655.619392
N442,-13730416.678916,6176984.875694
N443,-13730416.734576,6177100.629605
N444,-13730703.393397,6176484.422915
N445,-13730723.519961,6176469.696761
N446,-13730747.153088,6176473.168642
N447,-13730874.52485,6176772.728569
N448,-13730714.94836,6176990.5451
N449,-13731215.930596,6177009.398417
N450,-13731096.662894,6177424.215493
N451,-13730932.232874,6177413.916111
N452,-13730927.81349,6177437.332965
N453,-13730805.807328,6177419.099349
N454,-13730878.799518,6177129.832513
N455,-13730859.27408,6177280.042046
N456,-13730269.035876,6177639.113099
N457,-13730416.389485,6177611.451711
N458,-13730406.738086,6177571.343696
N459,-13729871.580766,6176378.002702
N460,-13730026.893719,6177282.407175
N461,-13731001.840951,6176979.826907
N462,-13731131.984568,6177003.29289
N463,-13730066.178367,6177004.03092
N464,-13730039.895836,6176892.790312
N465,-13730662.450088,6176632.054856
N466,-13729474.236975,6177417.589667
N467,-13729583.096305,6178059.714808
N468,-13729606.451134,6177717.082128
N469,-13729500.942521,6177775.458718
N470,-13729048.829541,6177773.613475
N471,-13729322.274738,6177719.967398
N472,-13729323.410197,6177785.875962
N473,-13729368.171764,6177780.189252
N474,-13729330.089367,6177633.54391
N475,-13729446.930304,6177645.973943
N476,-13729362.672581,6177513.605932
N477,-13729181.845201,6177500.085757
N478,-13729099.980847,6177380.267075
N479,-13729407.322829,6177480.912642
N480,-13729540.327357,6177309.832659
N481,-13729433.382722,6177244.883888
N482,-13729566.120083,6177259.510737
N483,-13729390.958864,6177114.786545
N484,-13729595.697672,6177205.616288
N485,-13729660.519011,6177285.728422
N486,-13729748.439145,6177110.190569
N487,-13729779.675394,6177247.366425
N488,-13729707.106218,6177128.708677
N489,-13729320.393439,6176935.444674
N490,-13729932.31668,6176857.818255
N491,-13729558.238663,6177045.10913
N492,-13729896.327088,6176737.589276
N493,-13729883.358368,6176538.514076
N494,-13729244.740713,6176762.228699
N495,-13730045.40615,6177802.684489
N496,-13729925.581851,6177805.922063
N497,-13730029.008789,6177651.341843
N498,-13729792.84449,6177664.862259
N499,-13730028.697095,6177581.760691
N500,-13729876.924101,6177586.088528
N501,-13730028.619171,6177416.667084
N502,-13729850.251951,6177382.263201
N503,-13730026.537497,6177253.992118
N504,-13729877.736733,6177187.047691
N505,-13732298.679623,6176156.059194
N506,-13731981.318887,6176104.653923
N507,-13732021.861446,6175974.054062
N508,-13732301.729777,6175981.668279
N509,-13732956.321779,6177266.706754
N510,-13732855.165758,6177337.66081
N511,-13731882.444915,6176546.782926
N512,-13732197.323227,6176596.530372
N513,-13732419.071653,6176465.621076
N514,-13732442.159315,6175810.903483
N515,-13732420.407487,6177246.628373
N516,-13732659.076475,6177163.379918
N517,-13731935.922799,6176247.331567
N518,-13731194.690837,6177792.837573
N519,-13731240.498808,6177510.737506
N520,-13732981.758283,6175782.610726
N521,-13732966.66336,6175349.191513
N522,-13729313.213332,6176145.476224
N523,-13729841.312996,6175946.783816
N524,-13730759.921434,6175975.446088
N525,-13730589.179599,6176447.372764
N526,-13730271.496036,6176236.765256
N527,-13730616.274763,6176281.12708
N528,-13730123.318662,6176375.906179
N529,-13730145.415581,6175716.985979
N530,-13730581.1312,6175986.012076
N531,-13730278.642748,6175946.431618
N532,-13730635.343792,6176137.425796
N533,-13729852.322494,6176091.73976
N534,-13731593.715552,6176919.946171
N535,-13731647.137776,6176582.105931
N536,-13731098.176839,6176388.535644
N537,-13730468.38682,6175657.852025
N538,-13731224.368614,6176315.727786
N539,-13731137.316772,6176845.221641
N540,-13730264.026498,6176393.399587
N541,-13730287.926793,6175655.990469
N542,-13731273.493905,6176867.244762
N543,-13731347.910984,6176409.148717
N544,-13734716.049158,6176414.331344
N545,-13734927.879017,6176127.664662
N546,-13733023.358376,6176321.933454
N547,-13733164.633942,6176311.736035
N548,-13734429.612976,6176602.954288
N549,-13735215.506317,6177168.261076
N550,-13733841.59003,6176179.388735
N551,-13734029.330351,6175918.389981
N552,-13735028.389385,6176228.194813
N553,-13734832.968019,6176497.471852
N554,-13734618.677999,6176345.095728
N555,-13734189.084952,6176940.661168
N556,-13733355.524605,6176538.077991
N557,-13733822.732508,6176503.090616
N558,-13734354.372132,6176709.813403
N559,-13734891.199244,6177100.294132
N560,-13734523.544362,6177185.873527
N561,-13734302.831208,6176350.261544
N562,-13734506.6238,6176500.474117
N563,-13734372.383626,6176247.465743
N564,-13734579.059392,6176399.806578
N565,-13734747.842004,6175975.764745
N566,-13734534.286693,6176285.068501
N567,-13734433.587082,6176064.083391
N568,-13734545.017892,6176143.396529
N569,-13734464.07749,6176012.796075
N570,-13734349.05106,6175922.750516
N571,-13734366.98463,6175802.132215
N572,-13734237.831757,6175982.490079
N573,-13734101.153686,6176362.907744
N574,-13734287.881,6176106.029199
N575,-13733718.014263,6175236.228416
N576,-13733595.985837,6175451.65785
N577,-13733581.347324,6175166.012945
N578,-13733518.718979,6175393.213316
N579,-13734409.720183,6176196.495988
N580,-13734223.816633,6176457.838703
N581,-13733225.637023,6176161.275211
N582,-13731012.048949,6176141.316835
N583,-13731026.442559,6176066.297239
N584,-13735281.986317,6181011.925282
N585,-13732385.742597,6176997.019633
N586,-13731833.430944,6176816.20421
N587,-13735200.823276,6181494.787578
N588,-13734975.178668,6181852.49218
N589,-13733685.531236,6176882.910901
N590,-13734439.297772,6177314.697128
N591,-13734285.042353,6177186.99737
N592,-13734211.037156,6177314.898416
N593,-13734849.165005,6177184.699362
N594,-13734850.745742,6176710.199178
N595,-13735068.887416,6176867.815049
N596,-13735105.912278,6177327.378306
N597,-13735250.293658,6177409.655458
N598,-13734695.321468,6177354.887806
N599,-13735156.139633,6176731.769083
N600,-13734943.252238,6176579.606815
N601,-13734748.565581,6177298.929551
N602,-13733638.220452,6177016.778731
N603,-13733014.864699,6176574.658903
N604,-13733922.207605,6175840.403855
N605,-13733731.595241,6176100.393924
N606,-13730794.296893,6181015.701077
N607,-13730479.418581,6181178.028302
N608,-13730496.250088,6181210.114851
N609,-13730669.196049,6181539.780937
N610,-13730827.926511,6180791.589536
N611,-13729804.833599,6181410.289317
N612,-13729968.083632,6181731.303254
N613,-13729867.695715,6181538.01879
N614,-13730563.99913,6181339.267791
N615,-13730220.634161,6181517.980693
N616,-13730628.575567,6181464.931989
N617,-13730287.002841,6181649.051511
N618,-13730662.394428,6181549.179057
N619,-13731215.663429,6181531.540807
N620,-13730859.719358,6181232.837303
N621,-13730751.294174,6181039.580925
N622,-13730376.982386,6180966.414492
N623,-13730634.252861,6180830.58838
N624,-13730369.312473,6180951.647031
N625,-13730017.364771,6181132.869038
N626,-13731830.78154,6175189.809335
N627,-13732116.850367,6175236.211646
N628,-13730962.099893,6175525.783201
N629,-13731042.89558,6175030.96676
N630,-13730825.92276,6175503.662922
N631,-13731118.336799,6174781.573787
N632,-13731521.97014,6175297.455705
N633,-13731470.807702,6175610.49149
N634,-13731820.551278,6175346.910771
N635,-13731769.578084,6175659.294312
N636,-13731794.558177,6175502.841169
N637,-13732092.026121,6175551.039633
N638,-13731333.973784,6175750.209178
N639,-13732055.235029,6175868.009185
N640,-13731666.919249,6176285.940646
N641,-13731717.01302,6175974.439804
N642,-13735021.187014,6177445.250427
N643,-13731155.461849,6176040.385191
N644,-13731959.255364,6176173.099313
N645,-13731917.666402,6176400.142022
N646,-13729259.045268,6180701.610955
N647,-13729413.133707,6180703.188341
N648,-13729406.510197,6180990.780858
N649,-13729316.007451,6180988.397918
N650,-13732517.500346,6176827.911809
N651,-13732225.409135,6176550.238066
N652,-13733573.421376,6176517.431062
N653,-13733582.104297,6176270.980026
N654,-13733484.031825,6176280.053672
N655,-13733477.686614,6176527.310049
N656,-13733286.283882,6176545.843664
N657,-13733291.604953,6176298.50289
N658,-13734216.191248,6175833.058102
N659,-13733910.485663,6175615.941963
N660,-13734025.946238,6175456.118769
N661,-13733618.650485,6176017.928147
N662,-13733779.39583,6175581.830445
N663,-13733357.572884,6175353.182814
N664,-13733302.94841,6175597.594846
N665,-13733375.985127,6175651.126947
N666,-13734579.638254,6175854.340678
N667,-13734361.04017,6176158.289837
N668,-13734503.952132,6175962.012208
N669,-13734622.963799,6176043.102179
N670,-13734356.2423,6177405.159968
N671,-13730633.551548,6175344.68034
N672,-13730621.529043,6175469.317066
N673,-13730877.641796,6175162.139121
N674,-13730931.464769,6175959.764845
N675,-13730938.700536,6175918.322896
N676,-13730858.394656,6175923.153027
N677,-13730819.855848,6175806.207583
N678,-13730593.587851,6175788.463814
N679,-13730640.831843,6175743.752362
N680,-13730548.113839,6175632.981003
N681,-13730497.741769,6175682.588953
N682,-13730634.920778,6175327.474175
N683,-13730643.369927,6175154.710103
N684,-13731097.675901,6175547.93708
N685,-13731185.150757,6175005.594481
N686,-13731895.046282,6176466.86223
N687,-13731508.467086,6176401.131584
N688,-13731714.931346,6176620.230118
N689,-13731767.073395,6176304.205383
N690,-13732546.98888,6176753.708046
N691,-13732309.299503,6176480.011775
N692,-13732358.636301,6177141.423126
N693,-13732120.457119,6177098.633545
N694,-13732554.335966,6178471.127069
N695,-13732408.051023,6178461.749118
N696,-13732423.179342,6178287.613006
N697,-13732416.099422,6178371.056977
N698,-13732258.381968,6178357.183144
N699,-13732256.289161,6178379.478589
N700,-13731938.605598,6178350.841786
N701,-13731610.624983,6178382.179546
N702,-13731864.900964,6178403.3175
N703,-13731832.852082,6179518.804799
N704,-13731874.786134,6179041.238644
N705,-13731863.810033,6179182.64
N706,-13731214.69495,6179124.471883
N707,-13731921.184098,6180009.435243
N708,-13732028.240052,6180586.898871
N709,-13731931.893033,6180873.749099
N710,-13731831.961526,6180359.425818
N711,-13731197.740991,6180612.707277
N712,-13731097.653637,6180632.323732
N713,-13730935.817361,6180756.232304
N714,-13731173.239571,6180750.543612
N715,-13730908.555218,6180857.50507
N716,-13730945.958567,6180551.911657
N717,-13731318.478111,6178088.853899
N718,-13730746.652151,6178041.29533
N719,-13728760.077914,6176470.350883
N720,-13729854.604543,6176130.918372
N721,-13729861.985026,6176230.962176
N722,-13729968.406459,6176223.867665
N723,-13729348.401423,6175127.912029
N724,-13729399.831028,6176009.928154
N725,-13729212.380137,6175134.217451
N726,-13729192.5764,6175359.756725
N727,-13729730.917457,6175723.660796
N728,-13729732.01952,6175476.310327
N729,-13729465.64311,6175611.698979
N730,-13729730.872929,6175611.363566
N731,-13729476.285254,6175888.973195
N732,-13728894.596387,6175869.417965
N733,-13729467.246111,6175480.184295
N734,-13729452.908161,6175874.81829
N735,-13728892.180754,6176263.566814
N736,-13728894.67431,6175710.093146
N737,-13728788.430988,6176018.582235
N738,-13728893.327344,6176017.123116
N739,-13728505.378919,6175803.926718
N740,-13728593.076414,6175944.536456
N741,-13728307.463996,6176818.552438
N742,-13728098.840139,6176606.694586
N743,-13728506.024572,6177037.86298
N744,-13728627.874887,6177176.597632
N745,-13728296.721665,6177147.897774
N746,-13728925.097927,6176925.447801
N747,-13728918.307438,6176890.156919
N748,-13728649.02559,6176698.07242
N749,-13728603.117432,6176826.720921
N750,-13728882.373507,6177317.380973
N751,-13728981.703888,6177138.62192
N752,-13728766.879535,6177718.390565
N753,-13728754.667787,6177366.361306
N754,-13728897.613145,6177325.767997
N755,-13728904.047411,6177718.675737
N756,-13731615.06663,6181733.417877
N757,-13731267.460388,6181805.969929
N758,-13731638.577307,6181869.224812
N759,-13733135.368048,6181123.102182
N760,-13733333.038068,6181088.213456
N761,-13734091.847377,6180704.010595
N762,-13733883.835776,6180744.75424
N763,-13733805.656098,6180817.113286
N764,-13734014.547123,6180977.053792
N765,-13733790.383064,6180762.223054
N766,-13733761.028114,6180613.009327
N767,-13734002.468958,6180563.003511
N768,-13733400.820506,6180699.748297
N769,-13734388.157598,6181487.017395
N770,-13734467.083116,6181472.651806
N771,-13733454.921778,6179007.36508
N772,-13733451.15918,6178863.064196
N773,-13733489.297237,6178366.779069
N774,-13733570.994611,6178430.192975
N775,-13733448.632227,6178438.279121
N776,-13733456.780814,6178414.641426
N777,-13734331.262206,6178384.360444
N778,-13734317.926131,6178253.054625
N779,-13734600.610846,6178262.482674
N780,-13735111.422593,6178586.817277
N781,-13735395.175975,6178905.795525
N782,-13735123.166799,6178910.409246
N783,-13735394.741829,6178763.845124
N784,-13735265.633484,6179052.764747
N785,-13735126.840343,6179051.841987
N786,-13734963.835212,6179172.137161
N787,-13734966.829707,6179324.731599
N788,-13734789.408702,6179431.138265
N789,-13735133.374797,6179629.005847
N790,-13735408.489786,6179613.334661
N791,-13735385.880798,6179640.281065
N792,-13735471.530014,6178773.441507
N793,-13735491.300355,6179123.196786
N794,-13735392.938453,6178493.942879
N795,-13735446.928406,6178379.814111
N796,-13732755.80198,6180006.23039
N797,-13729211.556373,6178097.694622
N798,-13729209.964504,6178422.660452
N799,-13729373.45944,6178418.281861
N800,-13729363.295971,6178101.100064
N801,-13729507.543767,6178104.086118
N802,-13729519.677591,6178338.444278
N803,-13729314.293131,6178799.42897
N804,-13729132.263499,6178561.048557
N805,-13729232.651416,6178848.619142
N806,-13730141.742038,6178112.423588
N807,-13731011.759518,6180995.580302
N808,-13731074.154093,6181116.674859
N809,-13731067.007381,6180423.592875
N810,-13730934.526055,6180379.29339
N811,-13733213.859421,6177469.288018
N812,-13733174.296474,6177707.570808
N813,-13728645.185067,6176987.87813
N814,-13728539.865697,6176881.267129
N815,-13736134.42645,6179686.388808
N816,-13737121.095624,6179653.636848
N817,-13736021.45943,6179155.023936
N818,-13736016.104963,6179312.550788
N819,-13734710.739218,6178743.293465
N820,-13734812.863719,6178760.707847
N821,-13736116.114393,6178946.950007
N822,-13736106.32941,6179170.996278
N823,-13736018.231165,6178893.598536
N824,-13736009.102967,6178995.939703
N825,-13735822.063958,6178994.798844
N826,-13735825.770897,6178838.217377
N827,-13735820.583409,6179129.203166
N828,-13728830.376172,6179301.276003
N829,-13728938.845884,6179301.661896
N830,-13733658.703238,6176509.028061
N831,-13733749.851637,6176254.308695
N832,-13734571.812493,6181250.391026
N833,-13730487.322265,6178025.576736
N834,-13730424.671656,6178001.403373
N835,-13729671.372661,6178108.53165
N836,-13729671.216814,6177934.369202
N837,-13729282.18859,6178469.248123
N838,-13729058.113587,6178421.955851
N839,-13733292.640225,6178138.090299
N840,-13733334.095603,6177846.484108
N841,-13729720.230786,6178165.602415
N842,-13735403.31343,6179662.848324
N843,-13735559.817502,6179888.775891
N844,-13732920.254264,6178073.823014
N845,-13732967.431464,6177788.291557
N846,-13732649.747901,6177736.893219
N847,-13732989.027446,6177667.143621
N848,-13732940.73705,6177926.048681
N849,-13733128.555295,6180044.40345
N850,-13732916.525061,6179645.012634
N851,-13732791.891759,6179633.921974
N852,-13732964.103012,6179596.069544
N853,-13732887.403882,6179271.327429
N854,-13734755.901535,6179281.561944
N855,-13734797.713136,6179240.640736
N856,-13734713.922955,6179372.884561
N857,-13732558.254412,6178308.264223
N858,-13732610.541177,6178316.585117
N859,-13732652.319382,6178597.873022
N860,-13732546.810768,6178860.715405
N861,-13732556.807259,6179056.019573
N862,-13732870.138229,6178592.470972
N863,-13732866.119596,6178453.008675
N864,-13732937.007847,6178591.095295
N865,-13733112.19133,6178588.310389
N866,-13732896.24265,6178221.935426
N867,-13732579.405115,6178170.215735
N868,-13730587.843765,6178155.318912
N869,-13733079.107177,6178409.20594
N870,-13732871.663306,6178359.078841
N871,-13733015.031679,6176826.268048
N872,-13733004.534251,6176789.736375
N873,-13732340.357641,6177685.075823
N874,-13731709.198392,6177583.337499
N875,-13732401.883923,6177026.490562
N876,-13732293.091385,6177971.778096
N877,-13732420.897292,6177992.545975
N878,-13733505.81705,6178271.776527
N879,-13733514.032428,6178216.936233
N880,-13733452.595201,6177802.315439
N881,-13731683.539249,6180387.784107
N882,-13730697.805158,6180557.700899
N883,-13731811.467608,6176954.566243
N884,-13731897.239276,6177905.935197
N885,-13731661.831948,6177863.158553
N886,-13733225.625891,6177971.258061
N887,-13733203.729347,6178120.693965
N888,-13732724.543467,6181382.061881
N889,-13732498.319998,6181424.554108
N890,-13731239.162974,6181661.638443
N891,-13734223.248904,6180690.888095
N892,-13734195.396767,6180725.271773
N893,-13733699.746734,6180386.089319
N894,-13733578.35283,6180315.462266
N895,-13729059.193386,6178097.661071
N896,-13729682.849701,6178108.68263
N897,-13734001.556138,6178379.797335
N898,-13734014.458067,6178477.13299
N899,-13728187.328002,6179055.549804
N900,-13728978.086005,6178662.446237
N901,-13728554.426287,6178946.127922
N902,-13728544.10697,6178419.942706
N903,-13731121.498272,6181927.629843
N904,-13729057.712836,6178555.009024
N905,-13733365.543359,6180693.47232
N906,-13733179.739997,6178271.642319
N907,-13733041.48119,6178247.09919
N908,-13730630.056116,6177688.112055
N909,-13734219.397249,6179634.609897
N910,-13731130.593075,6176222.106617
N911,-13732130.186442,6177007.586887
N912,-13732286.156181,6176480.632353
N913,-13732072.667661,6175802.769515
N914,-13733700.303332,6179656.875126
N915,-13733576.605114,6179697.630545
N916,-13733296.881497,6179675.935684
N917,-13731998.23945,6177842.072263
N918,-13731983.934895,6177921.687121
N919,-13731771.470515,6180036.752045
N920,-13731628.892511,6180069.522257
N921,-13734890.108313,6179745.735277
N922,-13734967.141401,6179771.03777
N923,-13735137.159659,6179779.54466
N924,-13735398.960838,6179780.1487
N925,-13734970.948528,6179862.432747
N926,-13735033.421026,6180007.069357
N927,-13733084.550701,6177948.846257
N928,-13733043.262301,6177386.607711
N929,-13733430.019608,6182155.732179
N930,-13733128.622087,6181350.478144
N931,-13728764.040888,6177253.119874
N932,-13733216.486561,6175726.847269
N933,-13733211.610767,6175723.392462
N934,-13732534.799395,6180757.692234
N935,-13732079.536074,6180843.895686
N936,-13729087.067786,6179198.092284
N937,-13729437.245508,6179228.96338
N938,-13731192.319732,6181391.3927
N939,-13731395.388747,6181356.28471
N940,-13731730.939088,6182448.660717
N941,-13731858.533489,6181993.419899
N942,-13731511.528372,6179529.039611
N943,-13731829.590421,6179552.143485
N944,-13732473.273113,6177706.698518
N945,-13729421.927946,6178394.359027
N946,-13732116.805839,6181082.759484
N947,-13731708.363496,6180517.025269
N948,-13731390.880308,6180576.595667
N949,-13731393.373864,6180841.91553
N950,-13731352.586403,6180610.307663
N951,-13728627.752435,6176035.756251
N952,-13733355.480077,6177734.645388
N953,-13729674.255836,6175189.574557
N954,-13729598.836881,6175194.840292
N955,-13729621.312286,6175313.286661
N956,-13729604.926057,6175478.624645
N957,-13729733.221771,6175347.83313
N958,-13728392.30058,6176299.744021
N959,-13728375.836428,6176505.6568
N960,-13728379.075825,6176441.552769
N961,-13728437.785724,6176479.257017
N962,-13731755.240133,6180771.603536
N963,-13734808.889613,6177217.139909
N964,-13730700.510222,6179447.346019
N965,-13729728.668803,6179717.29523
N966,-13730391.999385,6179730.080655
N967,-13729401.189125,6181213.101995
N968,-13729428.095046,6180038.614558
N969,-13731495.29799,6179767.447094
N970,-13730912.039518,6179739.929808
N971,-13731463.894762,6179765.265842
N972,-13730695.24481,6179735.01362
N973,-13730685.459827,6180310.377946
N974,-13728776.375087,6176155.455411
N975,-13728743.49131,6175875.036315
N976,-13732903.979355,6177003.745772
N977,-13732978.741525,6177025.014497
N978,-13733352.552375,6176723.952921
N979,-13733174.986655,6176742.486964
N980,-13733355.691584,6176900.438896
N981,-13727740.825524,6177054.888087
N982,-13728297.823728,6177066.445052
N983,-13729196.717485,6176610.787112
N984,-13728998.223701,6176782.037571
N985,-13735581.814233,6181291.389011
N986,-13733921.49516,6176238.308272
N987,-13734318.260089,6180744.653555
N988,-13732567.026388,6178368.473456
N989,-13735405.695667,6179698.805055
N990,-13734057.249279,6177367.401302
N991,-13733949.057866,6177286.869052
N992,-13730790.734669,6180398.556926
N993,-13730846.02706,6180436.731743
N994,-13730668.093986,6180412.048138
N995,-13730774.34844,6180424.868166
N996,-13729695.306352,6180375.048035
N997,-13728639.229475,6177490.54113
N998,-13728543.750747,6176285.672293
N999,-13728552.422536,6176130.851285
N1000,-13728259.685671,6176182.994673
N1001,-13728322.993065,6176198.072541
N1002,-13728525.806046,6176009.475324
N1003,-13728461.073762,6176087.580397
N1004,-13728612.156575,6176276.296746
N1005,-13729462.080887,6175144.346382
N1006,-13729462.236734,6175096.066368
N1007,-13734228.859406,6177373.943218
N1008,-13732707.010648,6175628.201348
N1009,-13732515.118109,6175414.595416
N1010,-13731344.627059,6174879.706838
N1011,-13731191.484836,6174853.177936
N1012,-13729079.66504,6176674.305367
N1013,-13728982.527652,6176613.873279
N1014,-13728471.537794,6176748.877444
N1015,-13728471.00346,6176567.580879
N1016,-13728953.940807,6177356.531669
N1017,-13729046.324853,6177194.109456
N1018,-13728380.612034,6177286.147771
N1019,-13728339.156655,6177285.862613
N1020,-13729818.214202,6178097.677847
N1021,-13729809.030344,6177903.603445
N1022,-13729951.753063,6178187.863807
N1023,-13729794.258247,6178238.744812
N1024,-13729435.219494,6178731.61679
N1025,-13729255.215877,6178499.747499
N1026,-13728920.199869,6179441.893096
N1027,-13729319.903633,6179452.463381
N1028,-13729339.328884,6179578.653455
N1029,-13728903.479682,6179564.257525
N1030,-13729431.54595,6179704.442708
N1031,-13729433.805736,6179580.398418
N1032,-13730619.725667,6180391.458946
N1033,-13730495.270477,6180474.688588
N1034,-13730639.150919,6180476.182031
N1035,-13730549.249298,6180530.785155
N1036,-13730739.293932,6181352.961877
N1037,-13730760.700671,6181398.558641
N1038,-13731146.912512,6181783.162035
N1039,-13731363.161755,6181221.308253
N1040,-13731460.254615,6181098.936816
N1041,-13732233.936208,6181269.388021
N1042,-13732222.236529,6181206.020118
N1043,-13732529.133233,6180641.418801
N1044,-13731555.299196,6181472.601459
N1045,-13731657.445961,6181947.38359
N1046,-13732315.021325,6181254.401872
N1047,-13732242.452149,6181316.192636
N1048,-13731171.658835,6181260.762172
N1049,-13732830.330379,6181750.754455
N1050,-13732842.297225,6181802.495875
N1051,-13733096.639997,6181124.192982
N1052,-13735326.636565,6181291.254756
N1053,-13735303.19268,6181247.856978
N1054,-13735303.459847,6181325.624074
N1055,-13735470.372291,6180976.61748
N1056,-13735589.929424,6180810.837222
N1057,-13735599.21347,6180715.589288
N1058,-13735509.022418,6181394.984061
N1059,-13735441.518279,6181348.044758
N1060,-13735511.471447,6180983.296416
N1061,-13735462.513135,6181174.302779
N1062,-13735585.16495,6179117.173632
N1063,-13735582.894032,6179191.767078
N1064,-13736255.263757,6178855.027978
N1065,-13736114.021587,6178804.294288
N1066,-13732545.608518,6180812.615999
N1067,-13732568.506937,6180944.330435
N1068,-13731758.123308,6180373.638511
N1069,-13731697.788144,6180051.601818
N1070,-13731528.348747,6179609.660158
N1071,-13730804.226591,6180070.109537
N1072,-13730124.487517,6180053.195863
N1073,-13731342.178031,6178994.228414
N1074,-13731373.915218,6178836.17058
N1075,-13731198.13061,6179302.333014
N1076,-13730010.251455,6175950.57414
N1077,-13731214.249672,6174748.270517
N1078,-13731363.028171,6174770.87514
N1079,-13734976.136016,6176996.700938
N1080,-13733755.284028,6176686.599819
N1081,-13728531.661451,6176287.265634
N1082,-13728518.926501,6176405.811039
N1083,-13730755.435259,6178919.183712
N1084,-13732982.081109,6180671.674241
N1085,-13732924.128182,6180349.542389
N1086,-13731851.34225,6181139.346717
N1087,-13731866.559624,6181234.163061
N1088,-13733161.205302,6178587.790316
N1089,-13733157.487231,6178441.063977
N1090,-13733389.688557,6178439.62122
N1091,-13733157.565155,6178451.784007
N1092,-13733160.526253,6178399.526085
N1093,-13733108.450995,6178428.532128
N1094,-13733443.300024,6178581.683659
N1095,-13733481.137518,6178174.007048
N1096,-13733515.568637,6178165.166246
N1097,-13733575.525315,6177146.706841
N1098,-13733402.61275,6177127.735805
N1099,-13733299.564297,6177479.218431
N1100,-13732087.350702,6177278.364649
N1101,-13731387.629779,6177164.01732
N1102,-13732715.482061,6177341.636267
N1103,-13732786.893514,6177357.605212
N1104,-13732703.737855,6177417.606442
N1105,-13732974.611571,6176842.252801
N1106,-13732887.415014,6176974.91231
N1107,-13736032.02365,6180270.978765
N1108,-13736053.530576,6180282.271612
N1109,-13735863.975747,6180185.838227
N1110,-13734093.016232,6178393.906071
N1111,-13732195.34174,6179070.615975
N1112,-13732259.584218,6178269.9144
N1113,-13732537.715966,6181626.898555
N1114,-13732321.667098,6180482.608871
N1115,-13732310.234587,6180426.495841
N1116,-13732135.529778,6174981.899223
N1117,-13729374.995649,6179103.231475
N1118,-13728969.013466,6179075.766666
N1119,-13729572.632273,6180044.000745
N1120,-13730483.548534,6177760.310961
N1121,-13729193.88997,6175538.612655
N1122,-13729207.860566,6175527.175154
N1123,-13728158.963796,6177874.448211
N1124,-13728886.971001,6179685.633767
N1125,-13729292.875261,6176921.288032
N1126,-13733199.510339,6178147.350465
N1127,-13733165.958644,6178360.521585
N1128,-13733358.196273,6177122.435328
N1129,-13733441.763815,6178508.152462
N1130,-13733447.641484,6177744.391587
N1131,-13733407.911557,6177574.061172
N1132,-13733227.10644,6178125.27371
N1133,-13733325.011933,6178143.45851
N1134,-13734294.293003,6181346.819674
N1135,-13733962.716768,6181108.233761
N1136,-13736156.066959,6180334.792777
N1137,-13736943.652356,6180599.098284
N1138,-13728822.227586,6180165.165682
N1139,-13729317.577056,6180202.047417
N1140,-13728843.088858,6180005.844465
N1141,-13728937.654766,6179319.379422
N1142,-13731288.009966,6182085.291861
N1143,-13728668.929515,6178901.618012
N1144,-13728669.808939,6178421.888746
N1145,-13729553.429661,6181229.380265
N1146,-13729462.481637,6181283.283376
N1147,-13729769.211362,6181099.742327
N1148,-13729399.118583,6181484.617535
N1149,-13729400.409889,6181422.137483
N1150,-13735832.63931,6180524.140134
N1151,-13735843.181266,6180500.916162
N1152,-13732626.793822,6177875.102442
N1153,-13732602.381458,6178022.322303
N1154,-13732451.788451,6178150.101675
N1155,-13732174.803294,6176731.215577
N1156,-13732044.370247,6177535.764975
N1157,-13733073.585731,6177145.566229
N1158,-13732441.168572,6177021.123055
N1159,-13733098.020359,6176112.40243
N1160,-13731384.011895,6174676.147416
N1161,-13731222.498446,6174641.268292
N1162,-13731753.214118,6174897.566102
N1163,-13733077.548705,6176168.939911
N1164,-13733391.681176,6175228.061457
N1165,-13733401.599742,6175130.025016
N1166,-13733244.973219,6175746.033211
N1167,-13730787.294897,6175049.430045
N1168,-13729821.898877,6175707.040847
N1169,-13733728.366976,6176764.493047
N1170,-13733576.794357,6175598.684939
N1171,-13734112.753177,6175977.559285
N1172,-13733728.188864,6176684.704493
N1173,-13733454.209334,6176713.134426
N1174,-13733376.820024,6176289.848525
N1175,-13729710.412407,6178172.799196
N1176,-13734893.214127,6179128.532061
N1177,-13728533.308979,6179312.634678
N1178,-13734856.411904,6179172.321716
N1179,-13734503.328743,6178913.143926
N1180,-13730751.583604,6175727.283312
N1181,-13730727.51633,6175816.974614
N1182,-13730668.91775,6175873.929416
N1183,-13734740.339071,6178167.816808
N1184,-13734659.298481,6178293.769781
N1185,-13729206.747371,6175872.570949
N1186,-13729206.836426,6176204.043317
N1187,-13734534.15311,6178440.42648
N1188,-13734643.279607,6178574.671074
N1189,-13733912.433754,6181381.373818
N1190,-13733671.582903,6181477.015183
N1191,-13736251.423234,6180063.464876
N1192,-13736093.371821,6180066.535514
N1193,-13736066.777595,6180577.753518
N1194,-13736029.140475,6180681.843315
N1195,-13735879.304441,6179885.520747
N1196,-13735617.837221,6179970.456934
N1197,-13735983.967026,6180400.8558
N1198,-13735935.287013,6180531.439589
N1199,-13735856.539605,6180044.302774
N1200,-13736076.428995,6180159.561284
N1201,-13735767.517408,6180288.715086
N1202,-13735708.006008,6180350.247149
N1203,-13736142.485981,6179705.667556
N1204,-13736070.729437,6180190.972812
N1205,-13735657.088473,6180296.198918
N1206,-13735561.164468,6180203.03742
N1207,-13735626.264106,6180278.546481
N1208,-13735682.012907,6180057.441058
N1209,-13735558.158842,6180188.321621
N1210,-13735765.41347,6180133.620013
N1211,-13732055.52446,6182172.448623
N1212,-13732611.776823,6176653.23879
N1213,-13732735.263534,6176733.748283
N1214,-13734963.256351,6179094.607817
N1215,-13733358.29646,6176211.38939
N1216,-13736047.007253,6178772.401339
N1217,-13736033.103449,6178901.09792
N1218,-13735267.826478,6179403.873737
N1219,-13735130.602941,6179405.719333
N1220,-13733080.409616,6177053.781035
N1221,-13733179.1834,6177081.205784
N1222,-13736141.74014,6179800.853869
N1223,-13735898.941199,6179879.144694
N1224,-13732719.088812,6175927.31231
N1225,-13732487.110125,6175679.704372
N1226,-13734257.590967,6175775.21471
N1227,-13734295.228087,6175803.138479
N1228,-13732874.869308,6177351.398791
N1229,-13732634.43034,6175088.922491
N1230,-13734791.178682,6179761.406706
N1231,-13734802.13252,6179824.814208
N1232,-13734810.837704,6179871.510217
N1233,-13734659.031314,6179462.211543
N1234,-13734767.100276,6179713.738133
N1235,-13733183.702971,6175699.242396
N1236,-13733154.949147,6175725.589451
N1237,-13731614.999839,6176781.182149
N1238,-13734948.851609,6178305.915585
N1239,-13734801.453471,6178460.272805
N1240,-13735125.838467,6176325.371731
N1241,-13735022.389264,6176222.240792
N1242,-13734834.782527,6176039.060241
N1243,-13735258.330925,6177111.649875
N1244,-13734412.146948,6175833.762489
N1245,-13734506.657195,6175957.970309
N1246,-13734446.455615,6175821.418953
N1247,-13732865.039797,6177344.991085
N1248,-13732716.328089,6177206.840777
N1249,-13735654.483597,6179520.616863
N1250,-13735656.55414,6179709.023305
N1251,-13735652.602298,6179436.087834
N1252,-13733351.706347,6177167.07014
N1253,-13733344.882462,6177210.212316
N1254,-13733525.142113,6178707.542086
N1255,-13733447.173942,6178710.243146
N1256,-13735576.88278,6179521.489338
N1257,-13735575.56921,6179643.066314
N1258,-13733434.461256,6176147.103082
N1259,-13733577.918684,6176189.787258
N1260,-13733312.1434,6176028.980561
N1261,-13733440.060626,6176133.769562
N1262,-13735269.307027,6179478.067013
N1263,-13735262.060128,6178756.966604
N1264,-13735263.84124,6178904.906335
N1265,-13735272.668876,6179628.485711
N1266,-13735267.971193,6179326.107394
N1267,-13735272.92491,6179782.162166
N1268,-13735267.125165,6179175.056479
N1269,-13735259.399592,6178434.638676
N1270,-13735258.909786,6178596.094707
N1271,-13732353.983146,6177603.98701
N1272,-13734331.206546,6175672.375528
N1273,-13735340.941119,6178424.70715
N1274,-13734200.372748,6177557.940851
N1275,-13734454.014208,6177283.262647
N1276,-13731077.426886,6176518.202595
N1277,-13730258.582975,6177622.120374
N1278,-13730378.084449,6177811.60879
N1279,-13735850.506088,6179642.797857
N1280,-13735475.626571,6179767.598103
N1281,-13734696.935601,6179776.759366
N1282,-13735944.081252,6180003.864505
N1283,-13735391.268661,6178357.870963
N1284,-13735392.148085,6178425.881485
N1285,-13734615.160303,6178669.0227
N1286,-13734451.331409,6178649.159113
N1287,-13733474.502877,6175730.503328
N1288,-13729733.244034,6175286.421009
N1289,-13733450.435603,6179143.212476
N1290,-13733456.569307,6179244.93586
N1291,-13733444.736045,6178631.426203
N1292,-13733585.566333,6178605.640571
N1293,-13734947.627094,6179860.201135
N1294,-13734539.785876,6179067.445031
N1295,-13734641.999432,6179288.893891
N1296,-13734421.019111,6178820.869945
N1297,-13734464.556164,6178907.42291
N1298,-13732812.062851,6177905.81777
N1299,-13736012.130857,6179606.740691
N1300,-13736002.713228,6179658.821448
N1301,-13735470.272104,6178785.957086
N1302,-13735593.825606,6179117.274298
N1303,-13733109.987204,6181301.357441
N1304,-13733084.216742,6181305.636822
N1305,-13733495.430941,6181234.750422
N1306,-13733458.239099,6181242.000141
N1307,-13731726.675552,6179544.828091
N1308,-13734457.487376,6179097.845882
N1309,-13731828.911372,6181142.736593
N1310,-13731666.206804,6181167.304843
N1311,-13732068.816007,6179979.48418
N1312,-13731228.68781,6180728.963537
N1313,-13730622.19696,6180586.14375
N1314,-13731015.978527,6180986.048542
N1315,-13733571.963091,6178330.358227
N1316,-13733510.715107,6178242.099983
N1317,-13732952.525784,6176875.631342
N1318,-13732873.722717,6176825.932586
N1319,-13731053.426404,6176667.076305
N1320,-13730797.692137,6176635.157804
N1321,-13734230.907685,6176625.83219
N1322,-13734147.651838,6176736.012624
N1323,-13732840.827807,6175718.914632
N1324,-13734172.464952,6180756.937098
N1325,-13728149.434847,6177860.222909
N1326,-13728297.512034,6177857.605993
N1327,-13734543.69319,6178432.071913
N1328,-13734227.389989,6178413.29933
N1329,-13734274.834356,6178423.146962
N1330,-13731624.139169,6178216.298753
N1331,-13731683.394534,6178219.704242
N1332,-13731638.443723,6178012.559011
N1333,-13730482.201568,6178036.245917
N1334,-13731151.832833,6180826.443486
N1335,-13731371.466189,6180547.599095
N1336,-13730603.784716,6181725.345388
N1337,-13733260.357572,6175713.615031
N1338,-13732117.685263,6174984.833876
N1339,-13733230.290178,6178868.734851
N1340,-13732217.67243,6178823.738812
N1341,-13732568.328826,6178869.506597
N1342,-13733919.057263,6177271.655067
N1343,-13733811.188677,6177230.743505
N1344,-13729932.26102,6181001.403407
N1345,-13729392.339226,6181737.831737
N1346,-13729394.621275,6181692.954811
N1347,-13729441.130559,6179353.975683
N1348,-13728348.774659,6175954.716665
N1349,-13728122.194968,6177720.135147
N1350,-13733568.64577,6178437.188665
N1351,-13733313.924511,6177117.285817
N1352,-13732586.718806,6178449.200462
N1353,-13732588.633501,6178459.618529
N1354,-13732711.30758,6177256.239823
N1355,-13732591.505544,6178475.186937
N1356,-13732591.282905,6178514.124856
N1357,-13732866.219783,6180694.613406
N1358,-13733334.262582,6180605.726582
N1359,-13732475.644218,6181304.092888
N1360,-13731245.975727,6181695.723949
N1361,-13731376.675941,6182092.995456
N1362,-13733103.641993,6181359.674672
N1363,-13733412.008115,6182176.946627
N1364,-13732691.937988,6179567.680331
N1365,-13733098.832991,6179960.875983
N1366,-13733075.544954,6179898.860136
N1367,-13732800.073742,6180175.43483
N1368,-13732752.751826,6180184.982463
N1369,-13733062.297934,6180102.628184
N1370,-13729924.412996,6178033.159235
N1371,-13730300.717403,6178131.363265
N1372,-13729942.235246,6180995.446052
N1373,-13733169.042194,6178870.244789
N1374,-13733188.545369,6179664.912099
N1375,-13733104.354438,6179658.771112
N1376,-13731944.516663,6178242.703914
N1377,-13732141.863857,6178260.352136
N1378,-13732582.210366,6181875.031731
N1379,-13730377.783886,6179421.373359
N1380,-13730624.890892,6175164.939678
N1381,-13729818.648348,6175372.68655
N1382,-13733845.809038,6178381.693038
N1383,-13735864.576872,6180029.939616
N1384,-13735797.796309,6180151.070794
N1385,-13735851.452304,6179518.318226
N1386,-13735766.10365,6179385.216461
N1387,-13735912.978587,6179392.632388
N1388,-13735916.396095,6179518.418896
N1389,-13735966.467602,6179758.168389
N1390,-13736111.249732,6179711.22132
N1391,-13736113.620837,6179955.271718
N1392,-13735759.146182,6179198.796949
N1393,-13735763.320663,6179294.79972
N1394,-13735128.287496,6179174.133706
N1395,-13735137.972292,6179945.724342
N1396,-13735399.094421,6179326.744958
N1397,-13735501.241186,6179118.700392
N1398,-13735402.144575,6179481.187775
N1399,-13734968.833457,6179474.593908
N1400,-13735396.144455,6179166.332083
N1401,-13735398.760463,6179241.546739
N1402,-13735399.005366,6179296.175511
N1403,-13735740.589223,6178624.245811
N1404,-13735757.298279,6178684.927025
N1405,-13735530.16199,6178382.213098
N1406,-13735579.50992,6178788.104533
N1407,-13735580.200101,6178617.887479
N1408,-13729470.374189,6175146.392294
N1409,-13730423.168842,6177789.01288
N1410,-13730456.820725,6178066.408235
N1411,-13728292.469261,6177786.161136
N1412,-13732492.965531,6175627.647914
N1413,-13732171.396918,6175617.937676
N1414,-13732143.010447,6175783.549903
N1415,-13730116.628361,6179132.810351
N1416,-13730124.454121,6178899.822857
N1417,-13730115.604221,6180044.856494
N1418,-13730125.400337,6179403.638843
N1419,-13729654.941905,6179127.525405
N1420,-13730106.74319,6179143.027922
N1421,-13729674.033197,6179128.313953
N1422,-13729657.31301,6180044.873274
N1423,-13729755.318689,6180045.745803
N1424,-13730106.442627,6180054.135511
N1425,-13729661.665602,6180997.208086
N1426,-13729572.89944,6180994.64055
N1427,-13729553.607772,6180994.221019
N1428,-13735879.348968,6181511.653766
N1429,-13729566.253666,6180373.034429
N1430,-13729309.773559,6180367.194973
N1431,-13729577.252032,6180361.523321
N1432,-13729582.517444,6180054.353643
N1433,-13729582.751215,6180033.664638
N1434,-13729595.775595,6179364.847863
N1435,-13729569.092313,6180707.383517
N1436,-13729576.172233,6180383.236706
N1437,-13729664.459721,6179117.341408
N1438,-13729675.046205,6180706.561262
N1439,-13729684.909111,6180374.695654
N1440,-13730118.96607,6180062.223197
N1441,-13729668.56741,6180987.709886
N1442,-13730874.146364,6175759.332583
N1443,-13733005.246695,6177564.281619
N1444,-13735396.623129,6179030.551428
N1445,-13732873.667057,6178734.854717
N1446,-13733164.645074,6178728.34531
N1447,-13732198.814908,6177417.388377
N1448,-13732068.771479,6177395.380608
N1449,-13733576.427003,6178414.104588
N1450,-13733528.637545,6178379.713455
N1451,-13733485.478979,6178340.759373
N1452,-13733443.099648,6178166.978023
N1453,-13733464.328275,6177943.595596
N1454,-13732449.528665,6179605.381629
N1455,-13732399.668665,6179601.304444
N1456,-13731989.478606,6179566.807851
N1457,-13733256.97346,6181278.131352
N1458,-13733204.408396,6181287.31102
N1459,-13732151.916007,6179580.465532
N1460,-13736192.947106,6178990.302518
N1461,-13732306.705759,6180407.920228
N1462,-13729031.17427,6178686.839572
N1463,-13732874.012148,6176997.271234
N1464,-13732731.333956,6178880.311051
N1465,-13732877.429656,6178876.972406
N1466,-13732250.789978,6178445.945867
N1467,-13732386.421646,6177409.722555
N1468,-13731958.387072,6178067.179908
N1469,-13728579.272797,6177011.729925
N1470,-13729115.921798,6175605.242269
N1471,-13729123.057378,6175872.537407
N1472,-13732497.718873,6177853.496094
N1473,-13733855.58289,6179867.533579
N1474,-13731856.218043,6176679.286883
N1475,-13730540.822412,6175729.866033
N1476,-13733988.164403,6179542.093208
N1477,-13734143.499621,6180644.909163
N1478,-13732998.856957,6176760.601723
N1479,-13733005.469334,6176699.179427
N1480,-13733025.918725,6176850.790315
N1481,-13733344.748878,6175432.137163
N1482,-13733381.005637,6175281.222297
N1483,-13733011.079837,6176662.480571
N1484,-13733345.439059,6175327.658646
N1485,-13731535.885077,6181466.408823
N1486,-13733204.83141,6180102.561066
N1487,-13729397.348603,6181595.884514
N1488,-13735501.564012,6178777.082096
N1489,-13735512.22842,6178778.709456
N1490,-13736128.459725,6179174.737703
N1491,-13733106.669883,6181780.107561
N1492,-13733026.030044,6181337.942017
N1493,-13731569.080549,6178148.877051
N1494,-13732021.694466,6178220.140413
N1495,-13731997.682852,6178215.62772
N1496,-13732124.887634,6178236.916244
N1497,-13732034.885826,6178222.572907
N1498,-13732064.296436,6177415.006435
N1499,-13731742.983857,6177361.379389
N1500,-13728331.24184,6177067.602427
N1501,-13731572.208626,6178213.312659
N1502,-13731349.936999,6178113.346247
N1503,-13731881.44304,6178238.006674
N1504,-13731883.21302,6178197.543421
N1505,-13731699.903214,6178169.007884
N1506,-13731942.501781,6178186.437868
N1507,-13731896.716074,6178199.707496
N1508,-13728485.241223,6177000.961385
N1509,-13731350.783027,6182088.648547
N1510,-13732741.374974,6179629.140075
N1511,-13732689.199529,6179625.029323
N1512,-13732623.621217,6179625.851473
N1513,-13732665.488477,6179623.083008
N1514,-13732684.713354,6179679.643773
N1515,-13732741.163467,6180126.304119
N1516,-13732696.724727,6179894.329775
N1517,-13732661.236073,6179678.116913
N1518,-13732719.567486,6180136.824913
N1519,-13732668.560895,6179571.052804
N1520,-13732729.152094,6180189.345182
N1521,-13732664.041324,6180201.292329
N1522,-13732739.571599,6180241.513398
N1523,-13732763.627741,6180244.181385
N1524,-13733176.222301,6181291.942812
N1525,-13733026.63117,6181315.873779
N1526,-13733061.685677,6181245.943856
N1527,-13733090.161203,6181248.897448
N1528,-13732571.067285,6179113.063126
N1529,-13732665.967151,6179503.553274
N1530,-13732686.561257,6179833.522499
N1531,-13733252.643132,6175199.686784
N1532,-13733435.841618,6178315.880524
N1533,-13733229.811504,6178279.812194
N1534,-13732598.140186,6175084.042523
N1535,-13732711.452295,6177385.735454
N1536,-13730455.395835,6178098.969566
N1537,-13732984.418819,6179650.901931
N1538,-13733265.823359,6180134.509331
N1539,-13733125.182315,6180034.99021
N1540,-13733190.660439,6180020.929095
N1541,-13733200.846173,6180054.571776
N1542,-13733202.593889,6180075.730657
N1543,-13733956.928154,6181049.314121
N1544,-13733624.171932,6180861.616418
N1545,-13729095.038262,6178586.062333
N1546,-13729051.490077,6178616.327255
N1547,-13731214.23854,6182098.71861
N1548,-13731317.565291,6182101.068294
N1549,-13729401.44516,6181376.725195
N1550,-13729400.743847,6181343.88283
N1551,-13729400.009139,6181320.925135
N1552,-13733750.530686,6181671.003133
N1553,-13733712.615268,6181578.380426
N1554,-13733692.110217,6181529.208063
N1555,-13733693.067565,6181531.591154
N1556,-13734177.596781,6180664.794182
N1557,-13730628.731414,6180536.373017
N1558,-13730672.123752,6180400.92292
N1559,-13730670.543015,6180405.571011
N1560,-13730533.831548,6180638.968837
N1561,-13730011.910116,6180952.90562
N1562,-13732640.797814,6176601.864067
N1563,-13734669.083464,6179333.120597
N1564,-13734713.032399,6179310.503877
N1565,-13735727.152961,6178819.259353
N1566,-13735759.502405,6178825.718498
N1567,-13735631.228955,6178799.009546
N1568,-13735695.003892,6178812.850544
N1569,-13735758.767696,6178778.508133
N1570,-13732160.487608,6175805.754764
N1571,-13732125.522155,6175804.983295
N1572,-13733398.516192,6177127.35001
N1573,-13733322.373661,6177351.214276
N1574,-13732179.311733,6176702.181762
N1575,-13732215.991506,6176745.640271
N1576,-13732421.654265,6176978.552131
N1577,-13730585.940202,6177729.612931
N1578,-13730623.51053,6177691.534108
N1579,-13730582.745333,6177713.341343
N1580,-13729954.035112,6178013.33068
N1581,-13729926.194108,6177996.874021
N1582,-13733186.630674,6179612.848083
N1583,-13733250.695041,6179671.30477
N1584,-13732609.439114,6179624.777644
N1585,-13733788.368181,6179638.267632
N1586,-13733777.559059,6179603.200419
N1587,-13733734.634263,6179629.995783
N1588,-13733841.044564,6179583.418547
N1589,-13734444.307149,6180383.119246
N1590,-13734474.163036,6180375.014475
N1591,-13734460.971676,6180353.536031
N1592,-13734469.175923,6180357.949176
N1593,-13734468.708381,6180384.00859
N1594,-13734453.134784,6180388.035808
N1595,-13734279.220344,6180627.625176
N1596,-13734300.293123,6180616.701043
N1597,-13734299.491623,6180604.082093
N1598,-13734267.231235,6180586.546481
N1599,-13734277.862246,6180595.289112
N1600,-13734293.792065,6180597.319551
N1601,-13734295.372802,6180624.269066
N1602,-13736122.159042,6179476.858976
N1603,-13736150.923998,6179739.225098
N1604,-13736165.774018,6179680.650495
N1605,-13736007.321855,6179018.975023
N1606,-13730832.702117,6176061.802458
N1607,-13732998.723373,6177030.650383
N1608,-13733429.62999,6178438.54754
N1609,-13733106.636488,6179982.840037
N1610,-13732585.305048,6178687.779069
N1611,-13732804.448598,6178594.098297
N1612,-13734171.774771,6178405.146103
N1613,-13733177.279836,6179256.864906
N1614,-13733180.407914,6179345.989336
N1615,-13733181.220546,6179368.371258
N1616,-13733182.6677,6179472.530179
N1617,-13733183.758631,6179558.687078
N1618,-13733189.625168,6179730.852479
N1619,-13735783.124401,6178830.181183
N1620,-13735565.884414,6178786.342956
N1621,-13735352.974756,6178758.828837
N1622,-13735296.62483,6178757.20148
N1623,-13735217.131582,6178756.66462
N1624,-13735123.200195,6178756.027099
N1625,-13735055.740584,6178757.050488
N1626,-13734894.984107,6178759.466358
N1627,-13734668.816298,6178710.712896
N1628,-13734591.003974,6178650.065053
N1629,-13734381.522956,6178485.739246
N1630,-13735122.153792,6178659.141231
N1631,-13735122.064736,6178729.704232
N1632,-13733431.477894,6179688.351916
N1633,-13732772.288397,6179632.05955
N1634,-13734713.332962,6177350.962664
N1635,-13734726.012252,6177332.376977
N1636,-13733687.256688,6177179.784647
N1637,-13733588.616487,6177148.60227
N1638,-13736015.448178,6180695.334976
N1639,-13729407.122454,6178761.882229
N1640,-13732598.719047,6179023.739802
N1641,-13733598.757692,6178432.893948
N1642,-13733624.483627,6178427.122926
N1643,-13733761.239621,6178399.59319
N1644,-13733692.132481,6178414.238797
N1645,-13732644.37117,6178739.971651
N1646,-13728986.323647,6177139.25932
N1647,-13735341.809411,6177507.18133
N1648,-13733421.34782,6178312.575653
N1649,-13731447.987207,6180431.244627
N1650,-13731489.231078,6179856.660757
N1651,-13732623.342918,6178458.813268
N1652,-13733969.362541,6179471.976496
N1653,-13735121.619458,6178621.410565
N1654,-13733869.598014,6180435.708152
N1655,-13734126.779433,6180387.498846
N1656,-13729010.524504,6178828.654475
N1657,-13729293.910532,6178868.013436
N1658,-13732301.540534,6175991.630503
N1659,-13732438.407848,6175993.592761
N1660,-13734703.447791,6179574.39172
N1661,-13734793.037717,6179533.133539
N1662,-13733727.164725,6180773.734702
N1663,-13730474.420336,6179154.85616
N1664,-13730127.548803,6179143.766138
N1665,-13730490.639586,6178914.603541
N1666,-13730483.548534,6179146.131784
N1667,-13733332.08072,6177289.519341
N1668,-13728828.071859,6178096.587434
N1669,-13733682.135991,6181169.520016
N1670,-13733568.890673,6181216.475118
N1671,-13731342.935003,6177525.230616
N1672,-13734017.38577,6178491.678072
N1673,-13734408.183974,6179101.604052
N1674,-13733430.809977,6175118.638372
N1675,-13733329.50924,6177306.477855
N1676,-13729046.592019,6177717.870545
N1677,-13729769.233626,6175351.371635
N1678,-13732030.533234,6177635.405898
N1679,-13732010.941004,6177771.801782
N1680,-13727981.30902,6175546.176171
N1681,-13733420.323681,6175488.016087
N1682,-13732605.520668,6178883.196715
N1683,-13731576.928573,6178769.683482
N1684,-13733331.446199,6177293.444454
N1685,-13735735.000985,6181075.862311
N1686,-13731119.761688,6174199.808177
N1687,-13731129.969685,6174281.16645
N1688,-13731900.834895,6178752.688503
N1689,-13731923.989349,6178521.271603
N1690,-13731896.827394,6178798.422353
N1691,-13733433.192214,6176715.09685
N1692,-13729312.28938,6181370.599757
N1693,-13729284.337056,6181379.729178
N1694,-13733193.743989,6179917.065498
N1695,-13733529.494705,6180287.053877
N1696,-13732889.140466,6180157.715524
N1697,-13732843.187781,6180166.860427
N1698,-13731548.75361,6178211.584752
N1699,-13732578.080413,6178766.361657
N1700,-13732143.912135,6178239.88557
N1701,-13731340.430315,6178111.802891
N1702,-13731315.461353,6178109.789819
N1703,-13732292.868746,6176452.438009
N1704,-13731913.347206,6176362.740023
N1705,-13731904.820133,6176389.240077
N1706,-13731914.393609,6176391.101793
N1707,-13731901.235645,6176405.676861
N1708,-13731899.443402,6176440.11035
N1709,-13731910.597615,6176408.008204
N1710,-13731195.514602,6174384.82727
N1711,-13731832.584915,6178046.109889
N1712,-13731724.538218,6178027.489136
N1713,-13731882.044165,6178404.877685
N1714,-13731932.071144,6178408.954297
N1715,-13730188.240189,6181697.267953
N1716,-13730323.025829,6181759.061928
N1717,-13729935.099667,6181666.824264
N1718,-13730283.90816,6180788.703225
N1719,-13731435.797722,6180099.339399
N1720,-13730453.5368,6180686.810391
N1721,-13732370.458431,6180256.061491
N1722,-13731419.389229,6180972.120108
N1723,-13732423.836127,6181024.880463
N1724,-13732322.490862,6181300.870767
N1725,-13731977.890247,6181107.109401
N1726,-13731228.843657,6181006.152513
N1727,-13732840.850071,6180697.919202
N1728,-13731266.15795,6180864.737687
N1729,-13729244.996748,6180951.596687
N1730,-13732614.659998,6181292.496614
N1731,-13735293.875239,6180951.529563
N1732,-13734740.205487,6180891.10071
N1733,-13734914.698789,6180612.606594
N1734,-13729837.962279,6180377.766405
N1735,-13731190.360509,6178734.267528
N1736,-13729782.914791,6180046.66867
N1737,-13729593.270907,6180042.993981
N1738,-13731286.440362,6178354.314434
N1739,-13730930.796852,6178178.167429
N1740,-13731336.400549,6177966.946804
N1741,-13730973.888627,6177150.397056
N1742,-13731193.688962,6178503.790604
N1743,-13730963.858741,6179318.909639
N1744,-13729562.858422,6180984.28651
N1745,-13730705.486203,6180302.222905
N1746,-13730073.146968,6177945.155696
N1747,-13729923.333197,6177653.321258
N1748,-13729581.682548,6178105.881106
N1749,-13730624.87976,6177280.981388
N1750,-13730022.641315,6176368.056799
N1751,-13730921.234508,6177559.786048
N1752,-13731186.887341,6176536.702645
N1753,-13729075.26792,6177424.114847
N1754,-13728396.820152,6177717.635697
N1755,-13728714.492582,6176963.372243
N1756,-13728731.190506,6176655.922428
N1757,-13728343.520379,6177717.535048
N1758,-13734415.597852,6175733.471781
N1759,-13732432.507915,6176311.065153
N1760,-13732800.964298,6176646.1607
N1761,-13732728.361726,6175950.590912
N1762,-13736342.916724,6180675.835841
N1763,-13734970.581173,6179050.70112
N1764,-13735390.055279,6179046.775198
N1765,-13735393.929197,6178576.583596
N1766,-13735261.280892,6178726.81862
N1767,-13731205.344113,6174404.965988
N1768,-13735295.545031,6177454.224676
N1769,-13735342.410536,6177495.724414
N1770,-13732248.975471,6177426.127757
N1771,-13733576.805489,6178705.746971
N1772,-13733458.12778,6179131.703029
N1773,-13732682.687339,6179257.317908
N1774,-13732654.901994,6179255.405233
N1775,-13733208.627405,6179011.341316
N1776,-13732780.214345,6180329.305726
N1777,-13732897.355845,6180199.614358
N1778,-13733008.541752,6180283.647562
N1779,-13733058.557599,6180436.46326
N1780,-13733000.471089,6180668.771191
N1781,-13732246.682289,6181338.865024
N1782,-13732217.305076,6181178.733131
N1783,-13729061.030157,6175577.235295
N1784,-13728542.804532,6176122.348035
N1785,-13728424.727948,6176049.861109
N1786,-13728342.874726,6176855.822252
N1787,-13735406.68641,6179532.6973
N1788,-13734233.479165,6179758.873101
N1789,-13734099.06088,6179933.257398
N1790,-13734217.727457,6179622.6971
N1791,-13732821.001806,6175705.430844
N1792,-13732231.687554,6178267.649652
N1793,-13733559.829267,6180814.83108
N1794,-13734298.545407,6181509.958755
N1795,-13735421.580958,6181333.629057
N1796,-13735255.470014,6181216.10592
N1797,-13735451.069491,6181288.200458
N1798,-13729402.235529,6177261.171356
N1799,-13735940.630348,6179675.952463
N1800,-13735758.233362,6178746.900487
N1801,-13736117.63947,6179933.223839
N1802,-13736296.485364,6179929.482082
N1803,-13736270.35868,6180186.492635
N1804,-13730669.08473,6176464.279287
N1805,-13732438.841994,6175027.34454
N1806,-13731206.512967,6174653.710732
N1807,-13728751.818008,6177281.199449
N1808,-13728961.655248,6176853.373376
N1809,-13735441.373564,6178769.029183
N1810,-13735552.414756,6178784.598155
N1811,-13729671.350398,6180987.659543
N1812,-13729712.048803,6179717.060327
N1813,-13729715.956117,6179942.267825
N1814,-13729719.818904,6179725.483269
N1815,-13730716.195138,6178921.566074
N1816,-13730407.083176,6179730.332337
N1817,-13730398.478179,6179722.630877
N1818,-13730404.656411,6179427.816182
N1819,-13730404.756599,6179423.218959
N1820,-13729587.960967,6180372.866628
N1821,-13730392.645038,6178758.744952
N1822,-13730387.067932,6178763.425702
N1823,-13730657.117884,6178767.619924
N1824,-13730720.94848,6178769.381497
N1825,-13733447.429977,6178722.020453
N1826,-13731894.667795,6178824.30923
N1827,-13729081.83577,6176971.138303
N1828,-13729153.380807,6176855.43647
N1829,-13731807.99444,6181034.194109
N1830,-13731752.468278,6181049.012056
N1831,-13729680.578783,6180580.354489
N1832,-13729840.53376,6180583.072924
N1833,-13729836.08098,6175874.248069
N1834,-13728808.65774,6178420.999607
N1835,-13728910.181115,6178708.850674
N1836,-13728209.970386,6178420.848621
N1837,-13728574.385871,6178421.033159
N1838,-13728698.618423,6178421.888746
N1839,-13734471.057222,6178920.995649
N1840,-13733972.045341,6180545.367302
N1841,-13733880.073178,6180492.089727
N1842,-13734980.254837,6179783.152121
N1843,-13735878.669919,6179329.899221
N1844,-13735879.41576,6179385.803695
N1845,-13729475.739788,6178726.516638
N1846,-13729677.795796,6178601.446429
N1847,-13731196.917227,6181419.922244
N1848,-13730076.53108,6175732.91834
N1849,-13733054.717077,6180105.195451
N1850,-13732958.704016,6180139.862019
N1851,-13734738.27966,6181672.59748
N1852,-13734569.552708,6181248.696067
N1853,-13734259.450002,6181321.881705
N1854,-13735618.994943,6180770.546343
N1855,-13733828.921872,6180754.940182
N1856,-13732930.094907,6180132.781034
N1857,-13729426.146955,6181304.579563
N1858,-13729450.091778,6181290.600263
N1859,-13733330.589039,6180171.97822
N1860,-13733185.339368,6180041.61807
N1861,-13734474.908877,6180830.638723
N1862,-13735218.100061,6180940.990982
N1863,-13728202.389529,6178721.483596
N1864,-13732935.783333,6180147.563856
N1865,-13732905.092549,6180153.537398
N1866,-13733972.702126,6181030.888183
N1867,-13733613.485261,6180853.846812
N1868,-13734556.88455,6181536.72655
N1869,-13732683.099221,6177357.521342
N1870,-13732091.001981,6177255.300483
N1871,-13732001.66809,6177824.743633
N1872,-13731450.547555,6177309.899755
N1873,-13732559.812885,6178714.823208
N1874,-13731203.507341,6178583.5123
N1875,-13732701.355617,6179374.56237
N1876,-13732623.431974,6179162.67455
N1877,-13735111.990322,6181956.345797
N1878,-13733429.785837,6181247.655596
N1879,-13732738.347084,6181848.212525
N1880,-13732575.987607,6180987.340699
N1881,-13732337.585785,6179363.774067
N1882,-13729404.64003,6179155.627932
N1883,-13729438.659266,6179111.351814
N1884,-13733442.142301,6178524.74432
N1885,-13729399.419145,6181272.895421
N1886,-13734942.016592,6180897.393614
N1887,-13734863.425032,6180889.22123
N1888,-13733460.721524,6180247.252089
N1889,-13733368.014652,6180193.624004
N1890,-13728220.000272,6178095.094409
N1891,-13728543.873199,6178722.926401
N1892,-13731220.717334,6177645.739097
N1893,-13729678.652956,6180993.734362
N1894,-13734408.773967,6180795.700851
N1895,-13729697.799909,6178183.216925
N1896,-13729671.940391,6178206.552014
N1897,-13730482.925145,6179164.721426
N1898,-13730479.552165,6179279.045259
N1899,-13730109.092031,6179276.00846
N1900,-13730469.422091,6179289.112004
N1901,-13730473.039974,6179281.293498
N1902,-13733312.866976,6180161.709077
N1903,-13730458.6241,6178072.581625
N1904,-13730570.845279,6177728.556116
N1905,-13730770.930932,6176198.60924
N1906,-13735389.298306,6180965.189463
N1907,-13735448.66499,6180973.529732
N1908,-13735558.169974,6180990.81442
N1909,-13735001.227429,6180907.294459
N1910,-13735066.204616,6180917.866561
N1911,-13733343.212669,6180179.277373
N1912,-13733806.624578,6180449.535028
N1913,-13733771.881765,6180428.912184
N1914,-13732719.289187,6179854.093565
N1915,-13734391.786613,6180786.118972
N1916,-13735110.843732,6180924.646138
N1917,-13735489.374528,6180979.705228
N1918,-13732357.801405,6180258.528125
N1919,-13732596.926803,6179612.596404
N1920,-13732610.307406,6179613.301104
N1921,-13732627.517399,6179614.525938
N1922,-13729957.986954,6180985.830385
N1923,-13729401.177993,6181384.67988
N1924,-13729399.652916,6181264.957623
N1925,-13729400.153854,6181247.957668
N1926,-13729342.379038,6181353.66672
N1927,-13730684.213048,6180345.850788
N1928,-13732504.754265,6179379.142788
N1929,-13736182.828164,6179185.240545
